Workbook

Sheet Dashboard
A1: SpeakMark Memory Workbook
A2: Fake/demo workbook for Google Sheets memory, Streamlit dashboard, n8n orchestration, Nebius agent calls, and parent-approved SLP feedback.
A4: Prototype KPIs
A5: Metric | B5: Value | C5: Why it matters
A6: Children in demo | B6: =COUNTA(Child_Profile!A5:A7) -> 3 | C6: Shows multiple cases
A7: Completed sessions | B7: =COUNTIF(Practice_Log!L5:L34,"Yes") -> 30 | C7: Memory available for agent
A8: Escalation flags | B8: =COUNTIF(Practice_Log!Z5:Z34,"Yes") -> 3 | C8: HITL trigger
A9: Pending approvals | B9: =COUNTIF(Agent_Decisions!L5:L10,"Pending Parent Review") -> 3 | C9: Human review queue
A11: Child Snapshot / Agent Outcomes
A12: Child_ID | B12: Child | C12: Age | D12: Target | E12: Sessions | F12: Avg Practice_Rating_Score | G12: Latest Outcome
A13: C001 | B13: Ava | C13: 4 | D13: /K/ | E13: =COUNTIFS(Practice_Log!$B$5:$B$34,A13,Practice_Log!$L$5:$L$34,"Yes") -> 10 | F13: =IFERROR(SUMIFS(Practice_Log!$N$5:$N$34,Practice_Log!$B$5:$B$34,A13)/COUNTIFS(Practice_Log!$B$5:$B$34,A13),"") -> 2.9 | G13: Consider phrase trial
A14: C002 | B14: Emma | C14: 7 | D14: /R/ | E14: =COUNTIFS(Practice_Log!$B$5:$B$34,A14,Practice_Log!$L$5:$L$34,"Yes") -> 10 | F14: =IFERROR(SUMIFS(Practice_Log!$N$5:$N$34,Practice_Log!$B$5:$B$34,A14)/COUNTIFS(Practice_Log!$B$5:$B$34,A14),"") -> 3.6 | G14: Increase/continue sentence level
A15: C003 | B15: Noah | C15: 8 | D15: /S/ | E15: =COUNTIFS(Practice_Log!$B$5:$B$34,A15,Practice_Log!$L$5:$L$34,"Yes") -> 10 | F15: =IFERROR(SUMIFS(Practice_Log!$N$5:$N$34,Practice_Log!$B$5:$B$34,A15)/COUNTIFS(Practice_Log!$B$5:$B$34,A15),"") -> 2.6 | G15: Recommend therapist review
A18: Build Checklist / Next Steps
A19: Step | B19: Action | C19: Purpose
A20: 1 | B20: Upload workbook to Google Sheets | C20: Use as memory tables for Streamlit/n8n
A21: 2 | B21: Build Streamlit skeleton | C21: Read and display Child_Profile, Practice_Log, Weekly_Summaries
A22: 3 | B22: Connect n8n webhook | C22: Generate plan/analyze progress using Google Sheet rows
A23: 4 | B23: Call Nebius | C23: Use one prompt per agent role
A24: 5 | B24: Add HITL buttons | C24: Approve difficulty changes and therapist drafts

Sheet Child_Profile
A1: Child Profile
A2: Three fake/de-identified child personas selected to show different age groups, target sounds, and agent decisions.
A4: Child_ID | B4: Child_Name | C4: Age | D4: Age_Group | E4: Target_Sound | F4: Primary_Error_Pattern | G4: Current_Level | H4: SLP_Goal_Summary | I4: Home_Practice_Focus | J4: Demo_Case_Type | K4: Privacy_Note
A5: C001 | B5: Ava | C5: 4 | D5: Preschool | E5: /K/ | F5: Fronting: says /t/ for /k/ (e.g., 'tat' for 'cat') | G5: Word | H5: Practice /k/ in simple words with visual/game support. | I5: Short playful word practice; avoid long reading tasks. | J5: Younger child: maintain simple level | K5: Fake data only; no real child identifiers.
A6: C002 | B6: Emma | C6: 7 | D6: Early elementary | E6: /R/ | F6: Gliding/weak rhoticity: says 'wabbit' for 'rabbit'; vocalic /r/ is hard | G6: Word | H6: Improve /r/ clarity from words into short sentences. | I6: R words, then short functional sentences. | J6: Improving child: increase difficulty | K6: Fake data only; no real child identifiers.
A7: C003 | B7: Noah | C7: 8 | D7: School age | E7: /S/ | F7: Lateral/dentalized /s/ and difficulty with /s/ blends | G7: Sentence | H7: Improve /s/ clarity in sentences and classroom-like phrases. | I7: Sentence practice with careful pacing; monitor frustration. | J7: Regression/escalation path | K7: Fake data only; no real child identifiers.

Sheet Therapist_Materials
A1: Therapist Materials
A2: Practice materials a therapist might send home; parents log practice against these materials.
A4: Material_ID | B4: Child_ID | C4: Date_Assigned | D4: Assigned_By | E4: Material_Type | F4: Target_Sound | G4: Practice_Level | H4: Material_Title | I4: Practice_Instructions | J4: Example_Items | K4: Parent_Feedback_Prompt
A5: M001 | B5: C001 | C5: 46174 | D5: SLP | E5: Word list + picture cards | F5: /K/ | G5: Word | H5: Back /k/ picture cards | I5: Practice 5 minutes; use mirror and exaggerated back-tongue cue. | J5: cat, cow, key, car, cookie | K5: Which /k/ words were easiest/hardest? Did the child stay engaged?
A6: M002 | B6: C002 | C6: 46174 | D6: SLP | E6: Word list | F6: /R/ | G6: Word | H6: Initial and vocalic /r/ words | I6: Practice 8–10 minutes; slow rate; praise close attempts. | J6: red, rabbit, rainbow, robot, car, star | K6: Which /r/ words sounded clearer? Did sentence attempts feel ready?
A7: M003 | B7: C003 | C7: 46174 | D7: SLP | E7: Sentence list | F7: /S/ | G7: Sentence | H7: /s/ sentences and blends | I7: Practice 10 minutes; focus on airflow and avoid pushing too hard. | J7: sun, soup, seven, snake, school, smile | K7: Any signs of frustration? Are /s/ blends harder than single /s/ words?
A8: M004 | B8: C003 | C8: 46181 | D8: SLP | E8: Home note | F8: /S/ | G8: Sentence | H8: Reset plan after frustration | I8: If frustration continues, reduce to word/phrase level and send SLP a short update. | J8: sun, seal, sip, see | K8: Should we reduce difficulty for a week?

Sheet Practice_Log
A1: Practice Log
A2: Session-level memory. This is the key data table that Streamlit, n8n, and the agents will read/write.
A4: Session_ID | B4: Child_ID | C4: Child_Name | D4: Age | E4: Date | F4: Week_Ending | G4: Therapist_Material_ID | H4: Target_Sound | I4: Primary_Error_Pattern | J4: Practice_Level | K4: Exercise_Type | L4: Practice_Completed | M4: Parent_Rating | N4: Practice_Rating_Score | O4: Words_Practiced | P4: Raw_Parent_Note | Q4: Voice_Note_Used | R4: Parent_Reviewed_Note | S4: Structured_Observation | T4: What_Went_Well | U4: What_Was_Hard | V4: Child_Response | W4: Question_For_SLP | X4: Duration_Minutes | Y4: Agent_Decision | Z4: Escalation_Flag | AA4: HITL_Status
A5: S001 | B5: C001 | C5: Ava | D5: 4 | E5: 46174 | F5: =E5+7-WEEKDAY(E5,2) -> 46180 | G5: M001 | H5: /K/ | I5: Fronting /k/→/t/ | J5: Word | K5: Picture-card word practice | L5: Yes | M5: Needs Practice | N5: =IFERROR(VLOOKUP(M5,Lookup_Lists!$A$4:$B$7,2,FALSE),"") -> 2 | O5: cat, cow, key | P5: Ava said tat for cat and tow for cow. Stayed engaged with picture cards. | Q5: No | R5: Yes | S5: Used picture cards and repeated with parent cue. | T5: key attempt was close | U5: cat/cow became t-sound | V5: Engaged for short game | W5: Should we keep /k/ with pictures? | X5: 5 | Y5: Maintain word-level; use short playful practice | Z5: No | AA5: Not Required
A6: S002 | B6: C001 | C6: Ava | D6: 4 | E6: 46176 | F6: =E6+7-WEEKDAY(E6,2) -> 46180 | G6: M001 | H6: /K/ | I6: Fronting /k/→/t/ | J6: Word | K6: Picture-card word practice | L6: Yes | M6: Needs Practice | N6: =IFERROR(VLOOKUP(M6,Lookup_Lists!$A$4:$B$7,2,FALSE),"") -> 2 | O6: cat, car, cookie | P6: She liked cookie but still used tookie. Needed many reminders. | Q6: Yes | R6: Yes | S6: Fronting continues; benefits from visual cue. | T6: cookie interest kept practice going | U6: cat/car inconsistent | V6: Cooperative but short attention span | W6: Any cue for back tongue sound? | X6: 5 | Y6: Maintain word-level; use short playful practice | Z6: No | AA6: Not Required
A7: S003 | B7: C001 | C7: Ava | D7: 4 | E7: 46178 | F7: =E7+7-WEEKDAY(E7,2) -> 46180 | G7: M001 | H7: /K/ | I7: Fronting /k/→/t/ | J7: Word | K7: Picture-card word practice | L7: Yes | M7: Close | N7: =IFERROR(VLOOKUP(M7,Lookup_Lists!$A$4:$B$7,2,FALSE),"") -> 3 | O7: key, cow, cup | P7: Key was closer today. Cow still sounded like tow. | Q7: No | R7: Yes | S7: Improvement in one short /k/ word; longer words mixed. | T7: key | U7: cow | V7: Smiled when using mirror | W7: Should we focus on short words first? | X7: 5 | Y7: Maintain word-level; use short playful practice | Z7: No | AA7: Not Required
A8: S004 | B8: C001 | C8: Ava | D8: 4 | E8: 46181 | F8: =E8+7-WEEKDAY(E8,2) -> 46187 | G8: M001 | H8: /K/ | I8: Fronting /k/→/t/ | J8: Word | K8: Picture-card word practice | L8: Yes | M8: Needs Practice | N8: =IFERROR(VLOOKUP(M8,Lookup_Lists!$A$4:$B$7,2,FALSE),"") -> 2 | O8: cat, cup, car | P8: Practice was short. She was tired and guessed quickly. | Q8: No | R8: Yes | S8: Lower engagement; performance not enough to increase difficulty. | T8: completed a few tries | U8: rushed productions | V8: Tired after school | W8: Should we practice earlier in day? | X8: 5 | Y8: Maintain word-level; use short playful practice | Z8: No | AA8: Not Required
A9: S005 | B9: C001 | C9: Ava | D9: 4 | E9: 46183 | F9: =E9+7-WEEKDAY(E9,2) -> 46187 | G9: M001 | H9: /K/ | I9: Fronting /k/→/t/ | J9: Word | K9: Picture-card word practice | L9: Yes | M9: Close | N9: =IFERROR(VLOOKUP(M9,Lookup_Lists!$A$4:$B$7,2,FALSE),"") -> 3 | O9: key, cup, cookie | P9: Cup sounded closer. Cookie still hard. | Q9: No | R9: Yes | S9: Short /k/ words improving; longer multisyllabic word remains hard. | T9: cup/key | U9: cookie | V9: Good with 5-minute game | W9: When do we add phrases? | X9: 5 | Y9: Maintain word-level; use short playful practice | Z9: No | AA9: Not Required
A10: S006 | B10: C001 | C10: Ava | D10: 4 | E10: 46185 | F10: =E10+7-WEEKDAY(E10,2) -> 46187 | G10: M001 | H10: /K/ | I10: Fronting /k/→/t/ | J10: Word | K10: Picture-card word practice | L10: Yes | M10: Close | N10: =IFERROR(VLOOKUP(M10,Lookup_Lists!$A$4:$B$7,2,FALSE),"") -> 3 | O10: cat, key, cow | P10: She corrected cat after seeing my mouth cue. | Q10: Yes | R10: Yes | S10: Benefits from direct model and visual cue. | T10: self-correction on cat | U10: cow still inconsistent | V10: Proud after corrected attempt | W10: Is mirror cue okay? | X10: 5 | Y10: Maintain word-level; use short playful practice | Z10: No | AA10: Not Required
A11: S007 | B11: C001 | C11: Ava | D11: 4 | E11: 46188 | F11: =E11+7-WEEKDAY(E11,2) -> 46194 | G11: M001 | H11: /K/ | I11: Fronting /k/→/t/ | J11: Word | K11: Picture-card word practice | L11: Yes | M11: Close | N11: =IFERROR(VLOOKUP(M11,Lookup_Lists!$A$4:$B$7,2,FALSE),"") -> 3 | O11: cat, car, key | P11: More consistent with key and car. Cat still starts as tat sometimes. | Q11: No | R11: Yes | S11: Emerging consistency; maintain word level for now. | T11: key/car | U11: cat initial sound | V11: Stayed engaged | W11: Continue same list? | X11: 5 | Y11: Maintain word-level; use short playful practice | Z11: No | AA11: Not Required
A12: S008 | B12: C001 | C12: Ava | D12: 4 | E12: 46190 | F12: =E12+7-WEEKDAY(E12,2) -> 46194 | G12: M001 | H12: /K/ | I12: Fronting /k/→/t/ | J12: Word | K12: Picture-card word practice | L12: Yes | M12: Clear | N12: =IFERROR(VLOOKUP(M12,Lookup_Lists!$A$4:$B$7,2,FALSE),"") -> 4 | O12: key, car, cup | P12: Most were clear with slow practice. | Q12: No | R12: Yes | S12: Strong session at word level with short words. | T12: key, car, cup | U12: none noted | V12: Happy and playful | W12: Can we add tiny phrases next week? | X12: 5 | Y12: Consider parent-approved phrase trial | Z12: No | AA12: Pending Parent Review
A13: S009 | B13: C001 | C13: Ava | D13: 4 | E13: 46192 | F13: =E13+7-WEEKDAY(E13,2) -> 46194 | G13: M001 | H13: /K/ | I13: Fronting /k/→/t/ | J13: Word | K13: Picture-card word practice | L13: Yes | M13: Close | N13: =IFERROR(VLOOKUP(M13,Lookup_Lists!$A$4:$B$7,2,FALSE),"") -> 3 | O13: cat, cookie, cow | P13: Mixed day; cookie and cow still need support. | Q13: No | R13: Yes | S13: Longer /k/ words and rounded vowels remain harder. | T13: cat improved | U13: cookie/cow | V13: Okay but got silly | W13: Should we avoid cookie for now? | X13: 5 | Y13: Consider parent-approved phrase trial | Z13: No | AA13: Pending Parent Review
A14: S010 | B14: C001 | C14: Ava | D14: 4 | E14: 46195 | F14: =E14+7-WEEKDAY(E14,2) -> 46201 | G14: M001 | H14: /K/ | I14: Fronting /k/→/t/ | J14: Word | K14: Picture-card word practice | L14: Yes | M14: Clear | N14: =IFERROR(VLOOKUP(M14,Lookup_Lists!$A$4:$B$7,2,FALSE),"") -> 4 | O14: key, car, cup | P14: Clear on short words again. | Q14: Yes | R14: Yes | S14: Consistent on short /k/ words; candidate for small phrase trial. | T14: short /k/ words | U14: not yet phrase-level | V14: Proud of practice | W14: Can we try 'my key' phrases? | X14: 5 | Y14: Consider parent-approved phrase trial | Z14: No | AA14: Pending Parent Review
A15: S011 | B15: C002 | C15: Emma | D15: 7 | E15: 46174 | F15: =E15+7-WEEKDAY(E15,2) -> 46180 | G15: M002 | H15: /R/ | I15: Gliding/weak rhoticity | J15: Word | K15: Word/sentence /r/ practice | L15: Yes | M15: Close | N15: =IFERROR(VLOOKUP(M15,Lookup_Lists!$A$4:$B$7,2,FALSE),"") -> 3 | O15: red, rabbit, rainbow | P15: Red was close. Rabbit sounded like wabbit. | Q15: No | R15: Yes | S15: Initial /r/ emerging; rabbit remains hard. | T15: red | U15: rabbit | V15: Motivated by sticker chart | W15: Should we keep rabbit or swap easier words? | X15: 8 | Y15: Maintain word-level /r/ | Z15: No | AA15: Not Required
A16: S012 | B16: C002 | C16: Emma | D16: 7 | E16: 46175 | F16: =E16+7-WEEKDAY(E16,2) -> 46180 | G16: M002 | H16: /R/ | I16: Gliding/weak rhoticity | J16: Word | K16: Word/sentence /r/ practice | L16: Yes | M16: Close | N16: =IFERROR(VLOOKUP(M16,Lookup_Lists!$A$4:$B$7,2,FALSE),"") -> 3 | O16: red, robot, rain | P16: Robot and rain were better with slow start. | Q16: Yes | R16: Yes | S16: Improved when slowing rate. | T16: robot/rain | U16: rabbit not practiced | V16: Focused for 8 minutes | W16: Can we add phrases after a few clear days? | X16: 8 | Y16: Maintain word-level /r/ | Z16: No | AA16: Not Required
... A34: S030 | B34: C003 | C34: Noah | D34: 8 | E34: 46195 | F34: =E34+7-WEEKDAY(E34,2) -> 46201 | G34: M004 | H34: /S/ | I34: Lateral/dentalized /s/; blends difficult | J34: Word | K34: /s/ sentence and blend practice | L34: Yes | M34: Needs Practice | N34: =IFERROR(VLOOKUP(M34,Lookup_Lists!$A$4:$B$7,2,FALSE),"") -> 2 | O34: sun, soup, seal | P34: Still needs practice even with simple list. | Q34: Yes | R34: Yes | S34: Ongoing difficulty after prior improvement; recommend therapist review. | T34: completed 5 minutes | U34: single words not stable | V34: Discouraged | W34: Can we send therapist a summary? | X34: 10 | Y34: Recommend therapist review; draft parent-approved update | Z34: Yes | AA34: Pending Parent Review

Sheet Agent_Decisions
A1: Agent Decisions
A2: Audit log showing agent observations, decisions, and human-in-the-loop gates.
A4: Decision_ID | B4: Child_ID | C4: Date | D4: Agent_Name | E4: Observation | F4: Decision | G4: Reason | H4: Confidence | I4: Human_Approval_Required | J4: Parent_Response | K4: Write_Action | L4: Status
A5: D001 | B5: C001 | C5: 46180 | D5: Progress Analysis Agent | E5: Ava has mixed ratings but short /k/ words are emerging. | F5: Maintain word-level practice | G5: Age 4 preschool child; short playful words are appropriate; not enough consistent clarity to increase. | H5: Medium | I5: No | J5: N/A | K5: Save recommendation | L5: Completed
A6: D002 | B6: C001 | C6: 46195 | D6: Practice Planning Agent | E6: Ava had two clear/near-clear short-word sessions. | F6: Offer small phrase trial | G6: Parent can approve trying two-word phrases such as 'my key' while keeping most practice at word level. | H6: Medium | I6: Yes | J6: Pending | K6: Update practice level if approved | L6: Pending Parent Review
A7: D003 | B7: C002 | C7: 46179 | D7: Progress Analysis Agent | E7: Emma had three close/clear word-level /r/ sessions. | F7: Increase difficulty | G7: Progress trend supports sentence-level trial for initial /r/ with parent approval. | H7: High | I7: Yes | J7: Approved | K7: Move from Word to Sentence | L7: Completed
A8: D004 | B8: C002 | C8: 46188 | D8: Progress Analysis Agent | E8: Emma is strong with initial /r/ sentences but vocalic /r/ remains harder. | F8: Split plan | G8: Continue sentence-level initial /r/ and keep vocalic /r/ at word level. | H8: Medium | I8: No | J8: N/A | K8: Save recommendation | L8: Completed
A9: D005 | B9: C003 | C9: 46183 | D9: Progress Analysis Agent | E9: Noah moved from clear to needs practice on /s/ blends. | F9: Reduce difficulty | G9: Regression pattern plus frustration suggests simplifying to word/phrase level before more sentence practice. | H9: High | I9: Yes | J9: Pending | K9: Reduce practice level if approved | L9: Pending Parent Review
A10: D006 | B10: C003 | C10: 46195 | D10: Summary & Escalation Agent | E10: Noah has repeated Needs Practice ratings and parent concern after prior clear sessions. | F10: Recommend therapist review | G10: Ongoing difficulty and frustration after simplification triggers escalation recommendation; do not send without parent approval. | H10: High | I10: Yes | J10: Pending | K10: Draft therapist update only | L10: Pending Parent Review

Sheet Weekly_Summaries
A1: Weekly Summaries
A2: Parent-friendly summaries that can be reviewed before sharing with an SLP.
A4: Summary_ID | B4: Child_ID | C4: Child_Name | D4: Week_Ending | E4: Sessions_Completed | F4: Trend | G4: Average_Practice_Rating_Score | H4: Practice_Level_Recommendation | I4: Parent_Friendly_Summary | J4: Possible_SLP_Update_Draft | K4: Therapist_Review_Recommended | L4: Parent_Approval_Status
A5: W001 | B5: C001 | C5: Ava | D5: 46180 | E5: 3 | F5: Mixed | G5: =IFERROR(SUMIFS(Practice_Log!$N$5:$N$34,Practice_Log!$B$5:$B$34,B5,Practice_Log!$F$5:$F$34,D5)/COUNTIFS(Practice_Log!$B$5:$B$34,B5,Practice_Log!$F$5:$F$34,D5),"") -> 2.3333333 | H5: Maintain word level | I5: Ava practiced /k/ words with picture cards. She stayed engaged but still used /t/ for /k/ on several words. Short words like 'key' are beginning to sound closer. | J5: Ava is practicing /k/ at word level. Key is improving, while cat/cow continue to sound fronted. Any additional home cue suggestions? | K5: No | L5: Not Required
A6: W002 | B6: C001 | C6: Ava | D6: 46194 | E6: 5 | F6: Improving | G6: =IFERROR(SUMIFS(Practice_Log!$N$5:$N$34,Practice_Log!$B$5:$B$34,B6,Practice_Log!$F$5:$F$34,D6)/COUNTIFS(Practice_Log!$B$5:$B$34,B6,Practice_Log!$F$5:$F$34,D6),"") -> 3.3333333 | H6: Consider tiny phrase trial with approval | I6: Ava is more consistent with short /k/ words. Longer words like cookie still need support. A parent-approved phrase trial may be appropriate. | J6: Ava is becoming clearer on short /k/ words and may be ready for short phrases like 'my key' while keeping longer words at word level. | K6: No | L6: Pending Parent Review
A7: W003 | B7: C002 | C7: Emma | D7: 46180 | E7: 4 | F7: Improving | G7: =IFERROR(SUMIFS(Practice_Log!$N$5:$N$34,Practice_Log!$B$5:$B$34,B7,Practice_Log!$F$5:$F$34,D7)/COUNTIFS(Practice_Log!$B$5:$B$34,B7,Practice_Log!$F$5:$F$34,D7),"") -> 3.25 | H7: Increase to sentence level | I7: Emma improved on initial /r/ words and produced several clearer attempts after slowing down. Sentence-level trials are now reasonable with parent approval. | J7: Emma is showing stronger initial /r/ at word level. We are trying short sentences while keeping vocalic /r/ separate. | K7: No | L7: Approved
A8: W004 | B8: C002 | C8: Emma | D8: 46194 | E8: 5 | F8: Improving | G8: =IFERROR(SUMIFS(Practice_Log!$N$5:$N$34,Practice_Log!$B$5:$B$34,B8,Practice_Log!$F$5:$F$34,D8)/COUNTIFS(Practice_Log!$B$5:$B$34,B8,Practice_Log!$F$5:$F$34,D8),"") -> 3.6666667 | H8: Continue sentence level; separate vocalic /r/ | I8: Emma is doing well with initial /r/ sentences. Vocalic /r/ words like car/star/far remain harder and should not be treated as the same level yet. | J8: Emma is progressing with initial /r/ sentences but vocalic /r/ remains harder. Should we split practice targets for next week? | K8: No | L8: Not Required
A9: W005 | B9: C003 | C9: Noah | D9: 46180 | E9: 3 | F9: Stable to mixed | G9: =IFERROR(SUMIFS(Practice_Log!$N$5:$N$34,Practice_Log!$B$5:$B$34,B9,Practice_Log!$F$5:$F$34,D9)/COUNTIFS(Practice_Log!$B$5:$B$34,B9,Practice_Log!$F$5:$F$34,D9),"") -> 3.6666667 | H9: Monitor blends | I9: Noah started the week clear on simpler /s/ words but needed reminders for blends such as snake, smile, and school. | J9: Noah is clearer on single /s/ words than /s/ blends. Should we keep blends in the plan? | K9: No | L9: Not Required
A10: W006 | B10: C003 | C10: Noah | D10: 46194 | E10: 6 | F10: Regressing | G10: =IFERROR(SUMIFS(Practice_Log!$N$5:$N$34,Practice_Log!$B$5:$B$34,B10,Practice_Log!$F$5:$F$34,D10)/COUNTIFS(Practice_Log!$B$5:$B$34,B10,Practice_Log!$F$5:$F$34,D10),"") -> 2.3333333 | H10: Reduce difficulty and request therapist review | I10: Noah had repeated Needs Practice ratings after prior clear sessions and showed frustration during /s/ blends and sentence practice. Therapist review may be helpful if parent approves sharing the summary. | J10: Noah showed a regression pattern: previously clear on /s/ words, now struggling even on simpler items, with frustration. Should we reduce difficulty and review the home plan? | K10: Yes | L10: Pending Parent Review

Sheet Practice_Plan_Examples
A1: Practice Plan Examples
A2: Example LLM outputs the Practice Planning Agent should generate from child age, sound, level, and history.
A4: Plan_ID | B4: Child_ID | C4: Child_Name | D4: Age | E4: Target_Sound | F4: Practice_Level | G4: Plan_Type | H4: Sample_Plan | I4: Why_Age_Appropriate | J4: Parent_Cue | K4: HITL_Needed
A5: P001 | B5: C001 | C5: Ava | D5: 4 | E5: /K/ | F5: Word | G5: Younger child / simple game | H5: Practice 5 words with pictures: key, cow, cat, cup, car. Do 2 rounds, 5 minutes max. Add a toy reward after each try. | I5: Preschool child; short duration, concrete words, picture support, no reading passage. | J5: Try 'back sound' cue gently; model the word slowly; stop if frustrated. | K5: No
A6: P002 | B6: C002 | C6: Emma | D6: 7 | E6: /R/ | F6: Sentence | G6: Improving / increase challenge | H6: Warm up with red, rabbit, rainbow. Then practice: 'The red rabbit ran.' 'The robot rolls.' 'I see a rainbow.' | I6: Age 7 can handle sentence practice and self-monitoring; plan separates initial /r/ from vocalic /r/. | J6: Slow first sound, then say the sentence smoothly. | K6: Yes - parent approves difficulty increase
A7: P003 | B7: C003 | C7: Noah | D7: 8 | E7: /S/ | F7: Reduced to Word/Phrase | G7: Regression / simplify | H7: Pause long /s/ sentences. Practice 5 easy words: sun, see, sip, soup, seal. Add phrases only if calm: 'see sun,' 'sip soup.' | I7: School-age child can reflect on frustration; plan reduces complexity to rebuild confidence. | J7: Use relaxed airflow; avoid repeating until frustrated; stop after 5–7 minutes. | K7: Yes - parent approves reduction/escalation summary

Sheet Decision_Rules
A1: Decision Rules
A2: Simple V1 rules the agent uses before asking Nebius to explain the recommendation. Rules are not clinical diagnosis.
A4: Rule_ID | B4: Observation | C4: Suggested Agent Decision | D4: Escalation Flag | E4: Human Approval Required | F4: Notes
A5: R001 | B5: Two or more strong sessions and parent notes are positive | C5: Increase difficulty one step | D5: No | E5: Yes | F5: Example: word → sentence. Parent approves before plan changes.
A6: R002 | B6: Mixed ratings but no parent concern | C6: Maintain level | D6: No | E6: No | F6: Keep practice stable; generate alternative exercises if engagement is low.
A7: R003 | B7: Repeated Needs Practice ratings but no prior improvement baseline | C7: Simplify or provide alternative exercises | D7: Monitor | E7: Yes | F7: Parent reviews difficulty reduction before saving.
A8: R004 | B8: Regression after prior clear/close sessions | C8: Reduce difficulty and monitor | D8: Monitor | E8: Yes | F8: Agent should explain evidence from recent sessions.
A9: R005 | B9: Three or more struggling sessions plus parent concern/frustration | C9: Recommend therapist review | D9: Yes | E9: Yes | F9: Agent drafts SLP update, but parent approves before sharing.
A10: R006 | B10: Voice note entered | C10: Structure note after parent review | D10: No | E10: Yes | F10: Parent reviews transcription before the note is saved/structured.

Sheet Score_Timeline
A1: Practice_Rating_Score Timeline
A2: Chart helper table. Ratings use Clear=4, Close=3, Needs Practice=2, Unsure=1.
A4: Session_Number | B4: Ava /K/ | C4: Emma /R/ | D4: Noah /S/
A5: 1 | B5: 2 | C5: 3 | D5: 4
A6: 2 | B6: 2 | C6: 3 | D6: 4
A7: 3 | B7: 3 | C7: 3 | D7: 3
A8: 4 | B8: 2 | C8: 4 | D8: 2
A9: 5 | B9: 3 | C9: 4 | D9: 2
A10: 6 | B10: 3 | C10: 4 | D10: 2
A11: 7 | B11: 3 | C11: 4 | D11: 2
A12: 8 | B12: 4 | C12: 4 | D12: 3
A13: 9 | B13: 3 | C13: 3 | D13: 2
A14: 10 | B14: 4 | C14: 4 | D14: 2

Sheet Lookup_Lists
A1: Lookup Lists
A2: Dropdown values used by the SpeakMark prototype workbook.
A3: Parent_Rating | B3: Rating_Score | D3: Practice_Level | F3: Yes_No | H3: Escalation_Flag | J3: HITL_Status | L3: Agent_Name | N3: Confidence | P3: Trend
A4: Clear | B4: 4 | D4: Sound Isolation | F4: Yes | H4: No | J4: Not Required | L4: Practice Planning Agent | N4: High | P4: Improving | U4: Trend
A5: Close | B5: 3 | D5: Syllable | F5: No | H5: Monitor | J5: Pending Parent Review | L5: Progress Analysis Agent | N5: Medium | P5: Stable | U5: Improving
A6: Needs Practice | B6: 2 | D6: Word | H6: Yes | J6: Approved | L6: Summary & Escalation Agent | N6: Low | P6: Regressing | U6: Stable
A7: Unsure | B7: 1 | D7: Phrase | J7: Declined | P7: Mixed | U7: Regressing
D8: Sentence | P8: Insufficient Data | U8: Mixed
D9: Short Reading | U9: Insufficient Data
D10: Conversation

Sheet Sources_ReadMe
A1: Sources & ReadMe
A2: Plain-text source URLs and scope notes used to shape realistic but fake examples.
A4: Topic | B4: How Used | C4: Source URL / Note
A5: Workbook scope | B5: This is fake/de-identified demo data for a classroom agentic AI prototype. | C5: No real child names, therapy records, PHI, or audio files should be used.
A6: Speech sound development / examples | B6: Used only to choose plausible target sounds and age-differentiated demo cases, not to diagnose. | C6: https://pubs.asha.org/doi/10.1044/2018_AJSLP-17-0100
A7: Speech sound disorder overview | B7: Used to reflect common error descriptions such as substitution/distortion/fronting at a high level. | C7: https://www.asha.org/Practice-Portal/clinical-Topics/Articulation-and-Phonology/
A8: Project framework | B8: Aligns workbook with state, tools, human-in-the-loop, and failure handling for Week 3 agentic AI project. | C8: Uploaded Week 3 Project Handout / Project guidelines
A9: Privacy note | B9: Prototype does not claim HIPAA compliance and should not be used with real PHI. | C9: Student prototype scope note
